{
  "config_name": "all-mpnet-base-v2",
  "config_params": {
    "name": "all-mpnet-base-v2",
    "model_id": "sentence-transformers/all-mpnet-base-v2",
    "dim": 768,
    "is_baseline": false,
    "notes": "Stronger semantic understanding; 2x larger than baseline"
  },
  "n_queries": 30,
  "timestamp": "2026-06-12T06:37:21.015852",
  "retrieval_metrics": {
    "precision_at_1": {
      "mean": 0.9333333333333333,
      "std": 0.24944382578492943,
      "ci": {
        "point": 0.9333333333333333,
        "lower": 0.8333333333333334,
        "upper": 1.0,
        "std_err": 0.04537287280386116
      }
    },
    "recall_at_1": {
      "mean": 0.46484126984126983,
      "std": 0.3981444031183183,
      "ci": {
        "point": 0.46484126984126983,
        "lower": 0.32218154761904766,
        "upper": 0.6087390873015873,
        "std_err": 0.0723486509818776
      }
    },
    "ndcg_at_1": {
      "mean": 0.9333333333333333,
      "std": 0.24944382578492943,
      "ci": {
        "point": 0.9333333333333333,
        "lower": 0.8333333333333334,
        "upper": 1.0,
        "std_err": 0.04564103652773934
      }
    },
    "hit_rate_at_1": {
      "mean": 0.9333333333333333,
      "std": 0.24944382578492943,
      "ci": {
        "point": 0.9333333333333333,
        "lower": 0.8333333333333334,
        "upper": 1.0,
        "std_err": 0.046039338959665284
      }
    },
    "precision_at_3": {
      "mean": 0.488888888888889,
      "std": 0.223330569358242,
      "ci": {
        "point": 0.488888888888889,
        "lower": 0.41111111111111115,
        "upper": 0.5777777777777777,
        "std_err": 0.04233906498240219
      }
    },
    "recall_at_3": {
      "mean": 0.5755158730158729,
      "std": 0.3521721125216965,
      "ci": {
        "point": 0.5755158730158729,
        "lower": 0.4458720238095238,
        "upper": 0.6982638888888888,
        "std_err": 0.06245767676087461
      }
    },
    "ndcg_at_3": {
      "mean": 0.788118938230824,
      "std": 0.2134005887861178,
      "ci": {
        "point": 0.788118938230824,
        "lower": 0.703863267214712,
        "upper": 0.8666946848034892,
        "std_err": 0.04069136171030061
      }
    },
    "hit_rate_at_3": {
      "mean": 1.0,
      "std": 0.0,
      "ci": {
        "point": 1.0,
        "lower": 1.0,
        "upper": 1.0,
        "std_err": 0.0
      }
    },
    "precision_at_5": {
      "mean": 0.3333333333333332,
      "std": 0.1813529401164726,
      "ci": {
        "point": 0.3333333333333332,
        "lower": 0.2733333333333334,
        "upper": 0.4000000000000001,
        "std_err": 0.03268959720340518
      }
    },
    "recall_at_5": {
      "mean": 0.5983333333333333,
      "std": 0.331469505773529,
      "ci": {
        "point": 0.5983333333333333,
        "lower": 0.4884821428571428,
        "upper": 0.7206349206349205,
        "std_err": 0.0615990938642072
      }
    },
    "ndcg_at_5": {
      "mean": 0.7309970657747757,
      "std": 0.23206772845735033,
      "ci": {
        "point": 0.7309970657747757,
        "lower": 0.6444744414487393,
        "upper": 0.8130214802559157,
        "std_err": 0.043306473250100105
      }
    },
    "hit_rate_at_5": {
      "mean": 1.0,
      "std": 0.0,
      "ci": {
        "point": 1.0,
        "lower": 1.0,
        "upper": 1.0,
        "std_err": 0.0
      }
    },
    "precision_at_10": {
      "mean": 0.1666666666666666,
      "std": 0.0906764700582363,
      "ci": {
        "point": 0.1666666666666666,
        "lower": 0.1366666666666667,
        "upper": 0.2,
        "std_err": 0.016240038141545073
      }
    },
    "recall_at_10": {
      "mean": 0.5983333333333333,
      "std": 0.331469505773529,
      "ci": {
        "point": 0.5983333333333333,
        "lower": 0.4830644841269841,
        "upper": 0.7229434523809525,
        "std_err": 0.061642156756129524
      }
    },
    "ndcg_at_10": {
      "mean": 0.6693690372881863,
      "std": 0.2668621364762232,
      "ci": {
        "point": 0.6693690372881863,
        "lower": 0.575169980413148,
        "upper": 0.7597954069566546,
        "std_err": 0.04841218384105302
      }
    },
    "hit_rate_at_10": {
      "mean": 1.0,
      "std": 0.0,
      "ci": {
        "point": 1.0,
        "lower": 1.0,
        "upper": 1.0,
        "std_err": 0.0
      }
    },
    "mrr": {
      "mean": 0.9666666666666667,
      "std": 0.12472191289246472,
      "ci": {
        "point": 0.9666666666666667,
        "lower": 0.9166666666666666,
        "upper": 1.0,
        "std_err": 0.022014033552004597
      }
    },
    "context_relevance": {
      "mean": 0.5916666666666667,
      "std": 0.2699022456783608,
      "ci": {
        "point": 0.5916666666666667,
        "lower": 0.49166666666666664,
        "upper": 0.6916666666666667,
        "std_err": 0.04955480816576408
      }
    }
  },
  "latency_stats": {
    "mean_ms": 78.0986266656934,
    "median_ms": 76.49210000090534,
    "p95_ms": 84.02035500694183,
    "max_ms": 141.00499999767635
  },
  "generation_metrics": {},
  "comparison_vs_baseline": {
    "baseline": {
      "precision_at_1": {
        "point": 0.8666666666666667,
        "lower": 0.7333333333333333,
        "upper": 0.9666666666666667,
        "std_err": 0.06166167498667354
      },
      "recall_at_1": {
        "point": 0.41484126984126984,
        "lower": 0.2814930555555555,
        "upper": 0.5539990079365079,
        "std_err": 0.07125434459822245
      },
      "ndcg_at_1": {
        "point": 0.8666666666666667,
        "lower": 0.7333333333333333,
        "upper": 0.9666666666666667,
        "std_err": 0.06339126830519946
      },
      "hit_rate_at_1": {
        "point": 0.8666666666666667,
        "lower": 0.7333333333333333,
        "upper": 0.9666666666666667,
        "std_err": 0.06151246852292455
      },
      "precision_at_3": {
        "point": 0.488888888888889,
        "lower": 0.41111111111111115,
        "upper": 0.5888888888888888,
        "std_err": 0.04492569912531897
      },
      "recall_at_3": {
        "point": 0.5685714285714286,
        "lower": 0.4425277777777778,
        "upper": 0.6918224206349205,
        "std_err": 0.06206209140414513
      },
      "ndcg_at_3": {
        "point": 0.759453222008333,
        "lower": 0.6750704954139589,
        "upper": 0.847265487965488,
        "std_err": 0.044600327592854545
      },
      "hit_rate_at_3": {
        "point": 1.0,
        "lower": 1.0,
        "upper": 1.0,
        "std_err": 0.0
      },
      "precision_at_5": {
        "point": 0.3466666666666665,
        "lower": 0.27999999999999997,
        "upper": 0.42,
        "std_err": 0.03607293677923923
      },
      "recall_at_5": {
        "point": 0.6084126984126984,
        "lower": 0.49735714285714283,
        "upper": 0.7273472222222224,
        "std_err": 0.06025100123548121
      },
      "ndcg_at_5": {
        "point": 0.7126807830867932,
        "lower": 0.624066838794154,
        "upper": 0.7893081413026157,
        "std_err": 0.04383243975187922
      },
      "hit_rate_at_5": {
        "point": 1.0,
        "lower": 1.0,
        "upper": 1.0,
        "std_err": 0.0
      },
      "precision_at_10": {
        "point": 0.17333333333333326,
        "lower": 0.14000000000000004,
        "upper": 0.20674999999999996,
        "std_err": 0.017863631221886066
      },
      "recall_at_10": {
        "point": 0.6084126984126984,
        "lower": 0.4934196428571428,
        "upper": 0.7311795634920635,
        "std_err": 0.06043478996352706
      },
      "ndcg_at_10": {
        "point": 0.6496708465531053,
        "lower": 0.5576848720454081,
        "upper": 0.7452991659010348,
        "std_err": 0.04783498225571498
      },
      "hit_rate_at_10": {
        "point": 1.0,
        "lower": 1.0,
        "upper": 1.0,
        "std_err": 0.0
      },
      "mrr": {
        "point": 0.9277777777777778,
        "lower": 0.861111111111111,
        "upper": 0.9833333333333333,
        "std_err": 0.03344012848076536
      },