{
  "config_name": "all-MiniLM-L6-v2",
  "config_params": {
    "name": "all-MiniLM-L6-v2",
    "model_id": "sentence-transformers/all-MiniLM-L6-v2",
    "dim": 384,
    "is_baseline": true,
    "notes": "Production baseline; fast, lightweight, English-optimised"
  },
  "n_queries": 30,
  "timestamp": "2026-06-12T06:33:21.193801",
  "retrieval_metrics": {
    "precision_at_1": {
      "mean": 0.8666666666666667,
      "std": 0.33993463423951903,
      "ci": {
        "point": 0.8666666666666667,
        "lower": 0.7333333333333333,
        "upper": 0.9666666666666667,
        "std_err": 0.06166167498667354
      }
    },
    "recall_at_1": {
      "mean": 0.41484126984126984,
      "std": 0.4010441697019198,
      "ci": {
        "point": 0.41484126984126984,
        "lower": 0.2814930555555555,
        "upper": 0.5539990079365079,
        "std_err": 0.07125434459822245
      }
    },
    "ndcg_at_1": {
      "mean": 0.8666666666666667,
      "std": 0.33993463423951903,
      "ci": {
        "point": 0.8666666666666667,
        "lower": 0.7333333333333333,
        "upper": 0.9666666666666667,
        "std_err": 0.06339126830519946
      }
    },
    "hit_rate_at_1": {
      "mean": 0.8666666666666667,
      "std": 0.33993463423951903,
      "ci": {
        "point": 0.8666666666666667,
        "lower": 0.7333333333333333,
        "upper": 0.9666666666666667,
        "std_err": 0.06151246852292455
      }
    },
    "precision_at_3": {
      "mean": 0.488888888888889,
      "std": 0.23934065809486685,
      "ci": {
        "point": 0.488888888888889,
        "lower": 0.41111111111111115,
        "upper": 0.5888888888888888,
        "std_err": 0.04492569912531897
      }
    },
    "recall_at_3": {
      "mean": 0.5685714285714286,
      "std": 0.35137345246762364,
      "ci": {
        "point": 0.5685714285714286,
        "lower": 0.4425277777777778,
        "upper": 0.6918224206349205,
        "std_err": 0.06206209140414513
      }
    },
    "ndcg_at_3": {
      "mean": 0.759453222008333,
      "std": 0.23673394140396858,
      "ci": {
        "point": 0.759453222008333,
        "lower": 0.6750704954139589,
        "upper": 0.847265487965488,
        "std_err": 0.044600327592854545
      }
    },
    "hit_rate_at_3": {
      "mean": 1.0,
      "std": 0.0,
      "ci": {
        "point": 1.0,
        "lower": 1.0,
        "upper": 1.0,
        "std_err": 0.0
      }
    },
    "precision_at_5": {
      "mean": 0.3466666666666665,
      "std": 0.19955506062794354,
      "ci": {
        "point": 0.3466666666666665,
        "lower": 0.27999999999999997,
        "upper": 0.42,
        "std_err": 0.03607293677923923
      }
    },
    "recall_at_5": {
      "mean": 0.6084126984126984,
      "std": 0.3261614998909067,
      "ci": {
        "point": 0.6084126984126984,
        "lower": 0.49735714285714283,
        "upper": 0.7273472222222224,
        "std_err": 0.06025100123548121
      }
    },
    "ndcg_at_5": {
      "mean": 0.7126807830867932,
      "std": 0.23827865986647412,
      "ci": {
        "point": 0.7126807830867932,
        "lower": 0.624066838794154,
        "upper": 0.7893081413026157,
        "std_err": 0.04383243975187922
      }
    },
    "hit_rate_at_5": {
      "mean": 1.0,
      "std": 0.0,
      "ci": {
        "point": 1.0,
        "lower": 1.0,
        "upper": 1.0,
        "std_err": 0.0
      }
    },
    "precision_at_10": {
      "mean": 0.17333333333333326,
      "std": 0.09977753031397177,
      "ci": {
        "point": 0.17333333333333326,
        "lower": 0.14000000000000004,
        "upper": 0.20674999999999996,
        "std_err": 0.017863631221886066
      }
    },
    "recall_at_10": {
      "mean": 0.6084126984126984,
      "std": 0.3261614998909067,
      "ci": {
        "point": 0.6084126984126984,
        "lower": 0.4934196428571428,
        "upper": 0.7311795634920635,
        "std_err": 0.06043478996352706
      }
    },
    "ndcg_at_10": {
      "mean": 0.6496708465531053,
      "std": 0.2644833323664764,
      "ci": {
        "point": 0.6496708465531053,
        "lower": 0.5576848720454081,
        "upper": 0.7452991659010348,
        "std_err": 0.04783498225571498
      }
    },
    "hit_rate_at_10": {
      "mean": 1.0,
      "std": 0.0,
      "ci": {
        "point": 1.0,
        "lower": 1.0,
        "upper": 1.0,
        "std_err": 0.0
      }
    },
    "mrr": {
      "mean": 0.9277777777777778,
      "std": 0.1860074338087023,
      "ci": {
        "point": 0.9277777777777778,
        "lower": 0.861111111111111,
        "upper": 0.9833333333333333,
        "std_err": 0.03344012848076536
      }
    },
    "context_relevance": {
      "mean": 0.65,
      "std": 0.30686587732536613,
      "ci": {
        "point": 0.65,
        "lower": 0.5416666666666666,
        "upper": 0.75,
        "std_err": 0.0557589064892336
      }
    }
  },
  "latency_stats": {
    "mean_ms": 29.599913334823214,
    "median_ms": 24.299500000779517,
    "p95_ms": 32.61321999234495,
    "max_ms": 165.8326000033412
  },
  "generation_metrics": {},
  "comparison_vs_baseline": {},
  "error_analysis": [
    {
      "id": "q023",
      "question": "What is the customer support phone number?",
      "category": "standard",
      "ndcg_at_5": 0.3065735963827292,
      "n_retrieved": 4,
      "n_relevant_found": 1,
      "n_relevant_total": 2,
      "failure_mode": "partial_recall"
    },
    {
      "id": "q016",
      "question": "How do I reset my password?",
      "category": "standard",
      "ndcg_at_5": 0.3391602052736161,
      "n_retrieved": 4,
      "n_relevant_found": 1,
      "n_relevant_total": 6,
      "failure_mode": "partial_recall"
    },
    {
      "id": "q017",
      "question": "How do I delete my ACME account?",
      "category": "standard",
      "ndcg_at_5": 0.3391602052736161,
      "n_retrieved": 4,
      "n_relevant_found": 1,
      "n_relevant_total": 8,
      "failure_mode": "partial_recall"
    },
    {
      "id": "q027",
      "question": "What is the price match guarantee?",
      "category": "standard",
      "ndcg_at_5": 0.3391602052736161,
      "n_retrieved": 4,
      "n_relevant_found": 1,
      "n_relevant_total": 6,
      "failure_mode": "partial_recall"
    },
    {
      "id": "q008",
      "question": "How do I track my order?",
      "category": "standard",
      "ndcg_at_5": 0.36005461457723403,
      "n_retrieved": 4,
      "n_relevant_found": 2,
      "n_relevant_total": 8,
      "failure_mode": "partial_recall"
    },
    {
      "id": "q003",
      "question": "How long does a refund take to process?",
      "category": "standard",
      "ndcg_at_5": 0.48522855511632257,
      "n_retrieved": 4,
      "n_relevant_found": 2,
      "n_relevant_total": 7,
      "failure_mode": "partial_recall"
    },
    {
      "id": "q021",
      "question": "How do I file a warranty claim?",
      "category": "standard",
      "ndcg_at_5": 0.5087403079104241,
      "n_retrieved": 4,
      "n_relevant_found": 2,
      "n_relevant_total": 12,
      "failure_mode": "partial_recall"
    },
    {
      "id": "q001",
      "question": "What is the return window for purchases?",
      "category": "standard",
      "ndcg_at_5": 0.5531464700081437,
      "n_retrieved": 4,
      "n_relevant_found": 2,
      "n_relevant_total": 8,
      "failure_mode": "partial_recall"
    },
    {
      "id": "q024",
      "question": "How do I escalate a complaint?",
      "category": "standard",
      "ndcg_at_5": 0.5855700749881525,
      "n_retrieved": 4,
      "n_relevant_found": 2,
      "n_relevant_total": 4,
      "failure_mode": "partial_recall"
    },
    {
      "id": "q004",
      "question": "Can I return a gift card?",
      "category": "standard",
      "ndcg_at_5": 0.6131471927654584,
      "n_retrieved": 4,
      "n_relevant_found": 1,
      "n_relevant_total": 2,
      "failure_mode": "partial_recall"
    }
  ]
}