{
  "config_name": "bge-base-en-v1.5",
  "config_params": {
    "name": "bge-base-en-v1.5",
    "model_id": "BAAI/bge-base-en-v1.5",
    "dim": 768,
    "is_baseline": false,
    "notes": "BGE base; stronger than bge-small, competitive with mpnet"
  },
  "n_queries": 30,
  "timestamp": "2026-06-12T06:41:09.599834",
  "retrieval_metrics": {
    "precision_at_1": {
      "mean": 0.8666666666666667,
      "std": 0.33993463423951903,
      "ci": {
        "point": 0.8666666666666667,
        "lower": 0.7333333333333333,
        "upper": 0.9666666666666667,
        "std_err": 0.06166167498667354
      }
    },
    "recall_at_1": {
      "mean": 0.4092857142857142,
      "std": 0.40098039810871366,
      "ci": {
        "point": 0.4092857142857142,
        "lower": 0.2752837301587302,
        "upper": 0.5512400793650792,
        "std_err": 0.07148573778114259
      }
    },
    "ndcg_at_1": {
      "mean": 0.8666666666666667,
      "std": 0.33993463423951903,
      "ci": {
        "point": 0.8666666666666667,
        "lower": 0.7333333333333333,
        "upper": 0.9666666666666667,
        "std_err": 0.06339126830519946
      }
    },
    "hit_rate_at_1": {
      "mean": 0.8666666666666667,
      "std": 0.33993463423951903,
      "ci": {
        "point": 0.8666666666666667,
        "lower": 0.7333333333333333,
        "upper": 0.9666666666666667,
        "std_err": 0.06151246852292455
      }
    },
    "precision_at_3": {
      "mean": 0.4666666666666668,
      "std": 0.22110831935702668,
      "ci": {
        "point": 0.4666666666666668,
        "lower": 0.4,
        "upper": 0.5555555555555555,
        "std_err": 0.04135598628435994
      }
    },
    "recall_at_3": {
      "mean": 0.5582539682539682,
      "std": 0.3634866395935529,
      "ci": {
        "point": 0.5582539682539682,
        "lower": 0.42826884920634917,
        "upper": 0.6843849206349206,
        "std_err": 0.0650801913930703
      }
    },
    "ndcg_at_3": {
      "mean": 0.7373266308254962,
      "std": 0.24460051601004745,
      "ci": {
        "point": 0.7373266308254962,
        "lower": 0.6468530481579018,
        "upper": 0.8273898779287504,
        "std_err": 0.046867653853150205
      }
    },
    "hit_rate_at_3": {
      "mean": 1.0,
      "std": 0.0,
      "ci": {
        "point": 1.0,
        "lower": 1.0,
        "upper": 1.0,
        "std_err": 0.0
      }
    },
    "precision_at_5": {
      "mean": 0.3199999999999999,
      "std": 0.15143755588800728,
      "ci": {
        "point": 0.3199999999999999,
        "lower": 0.2666666666666667,
        "upper": 0.3733333333333333,
        "std_err": 0.027106601308558895
      }
    },
    "recall_at_5": {
      "mean": 0.5886111111111111,
      "std": 0.34114080478571646,
      "ci": {
        "point": 0.5886111111111111,
        "lower": 0.47597023809523814,
        "upper": 0.7167083333333334,
        "std_err": 0.06356277837000429
      }
    },
    "ndcg_at_5": {
      "mean": 0.6870364434018172,
      "std": 0.24172265659160372,
      "ci": {
        "point": 0.6870364434018172,
        "lower": 0.5965926724698816,
        "upper": 0.7689137927566739,
        "std_err": 0.0452712735511004
      }
    },
    "hit_rate_at_5": {
      "mean": 1.0,
      "std": 0.0,
      "ci": {
        "point": 1.0,
        "lower": 1.0,
        "upper": 1.0,
        "std_err": 0.0
      }
    },
    "precision_at_10": {
      "mean": 0.15999999999999995,
      "std": 0.07571877794400364,
      "ci": {
        "point": 0.15999999999999995,
        "lower": 0.13666666666666666,
        "upper": 0.18666666666666665,
        "std_err": 0.013628341323976228
      }
    },
    "recall_at_10": {
      "mean": 0.5886111111111111,
      "std": 0.34114080478571646,
      "ci": {
        "point": 0.5886111111111111,
        "lower": 0.47441865079365075,
        "upper": 0.7157242063492064,
        "std_err": 0.06287640665917293
      }
    },
    "ndcg_at_10": {
      "mean": 0.62947586823879,
      "std": 0.27425167999993166,
      "ci": {
        "point": 0.62947586823879,
        "lower": 0.538232181600341,
        "upper": 0.7301253937580118,
        "std_err": 0.04986924144569635
      }
    },
    "hit_rate_at_10": {
      "mean": 1.0,
      "std": 0.0,
      "ci": {
        "point": 1.0,
        "lower": 1.0,
        "upper": 1.0,
        "std_err": 0.0
      }
    },
    "mrr": {
      "mean": 0.9222222222222223,
      "std": 0.20061633428075318,
      "ci": {
        "point": 0.9222222222222223,
        "lower": 0.8499999999999999,
        "upper": 0.9833333333333333,
        "std_err": 0.036077150941826584
      }
    },
    "context_relevance": {
      "mean": 0.6416666666666667,
      "std": 0.30057814661452387,
      "ci": {
        "point": 0.6416666666666667,
        "lower": 0.5333333333333333,
        "upper": 0.7416666666666667,
        "std_err": 0.054997795099432235
      }
    }
  },
  "latency_stats": {
    "mean_ms": 97.00498666691904,
    "median_ms": 95.20545000123093,
    "p95_ms": 102.18749499472324,
    "max_ms": 143.29500000167172
  },
  "generation_metrics": {},
  "comparison_vs_baseline": {
    "baseline": {
      "precision_at_1": {
        "point": 0.8666666666666667,
        "lower": 0.7333333333333333,
        "upper": 0.9666666666666667,
        "std_err": 0.06166167498667354
      },
      "recall_at_1": {
        "point": 0.41484126984126984,
        "lower": 0.2814930555555555,
        "upper": 0.5539990079365079,
        "std_err": 0.07125434459822245
      },
      "ndcg_at_1": {
        "point": 0.8666666666666667,
        "lower": 0.7333333333333333,
        "upper": 0.9666666666666667,
        "std_err": 0.06339126830519946
      },
      "hit_rate_at_1": {
        "point": 0.8666666666666667,
        "lower": 0.7333333333333333,
        "upper": 0.9666666666666667,
        "std_err": 0.06151246852292455
      },
      "precision_at_3": {
        "point": 0.488888888888889,
        "lower": 0.41111111111111115,
        "upper": 0.5888888888888888,
        "std_err": 0.04492569912531897
      },
      "recall_at_3": {
        "point": 0.5685714285714286,
        "lower": 0.4425277777777778,
        "upper": 0.6918224206349205,
        "std_err": 0.06206209140414513
      },
      "ndcg_at_3": {
        "point": 0.759453222008333,
        "lower": 0.6750704954139589,
        "upper": 0.847265487965488,
        "std_err": 0.044600327592854545
      },
      "hit_rate_at_3": {
        "point": 1.0,
        "lower": 1.0,
        "upper": 1.0,
        "std_err": 0.0
      },
      "precision_at_5": {
        "point": 0.3466666666666665,
        "lower": 0.27999999999999997,
        "upper": 0.42,
        "std_err": 0.03607293677923923
      },
      "recall_at_5": {
        "point": 0.6084126984126984,
        "lower": 0.49735714285714283,
        "upper": 0.7273472222222224,
        "std_err": 0.06025100123548121
      },
      "ndcg_at_5": {
        "point": 0.7126807830867932,
        "lower": 0.624066838794154,
        "upper": 0.7893081413026157,
        "std_err": 0.04383243975187922
      },
      "hit_rate_at_5": {
        "point": 1.0,
        "lower": 1.0,
        "upper": 1.0,
        "std_err": 0.0
      },
      "precision_at_10": {
        "point": 0.17333333333333326,
        "lower": 0.14000000000000004,
        "upper": 0.20674999999999996,
        "std_err": 0.017863631221886066
      },
      "recall_at_10": {
        "point": 0.6084126984126984,
        "lower": 0.4934196428571428,
        "upper": 0.7311795634920635,
        "std_err": 0.06043478996352706
      },
      "ndcg_at_10": {
        "point": 0.6496708465531053,
        "lower": 0.5576848720454081,
        "upper": 0.7452991659010348,
        "std_err": 0.04783498225571498
      },
      "hit_rate_at_10": {
        "point": 1.0,
        "lower": 1.0,
        "upper": 1.0,
        "std_err": 0.0
      },
      "mrr": {
        "point": 0.9277777777777778,
        "lower": 0.861111111111111,
        "upper": 0.9833333333333333,