{
  "config_name": "e5-small-v2",
  "config_params": {
    "name": "e5-small-v2",
    "model_id": "intfloat/e5-small-v2",
    "dim": 384,
    "is_baseline": false,
    "notes": "E5 family; use 'query: ' / 'passage: ' prefixes"
  },
  "n_queries": 30,
  "timestamp": "2026-06-12T06:42:33.619372",
  "retrieval_metrics": {
    "precision_at_1": {
      "mean": 0.9,
      "std": 0.30000000000000004,
      "ci": {
        "point": 0.9,
        "lower": 0.7666666666666667,
        "upper": 1.0,
        "std_err": 0.054490736382091336
      }
    },
    "recall_at_1": {
      "mean": 0.4146428571428571,
      "std": 0.3964985340332947,
      "ci": {
        "point": 0.4146428571428571,
        "lower": 0.2822628968253968,
        "upper": 0.5565565476190476,
        "std_err": 0.070770181814072
      }
    },
    "ndcg_at_1": {
      "mean": 0.9,
      "std": 0.30000000000000004,
      "ci": {
        "point": 0.9,
        "lower": 0.7666666666666667,
        "upper": 1.0,
        "std_err": 0.056277590275056785
      }
    },
    "hit_rate_at_1": {
      "mean": 0.9,
      "std": 0.30000000000000004,
      "ci": {
        "point": 0.9,
        "lower": 0.7666666666666667,
        "upper": 1.0,
        "std_err": 0.05543521500872042
      }
    },
    "precision_at_3": {
      "mean": 0.5000000000000001,
      "std": 0.23959842947608698,
      "ci": {
        "point": 0.5000000000000001,
        "lower": 0.4222222222222223,
        "upper": 0.5888888888888888,
        "std_err": 0.04508085670954308
      }
    },
    "recall_at_3": {
      "mean": 0.5493253968253969,
      "std": 0.34873552540466,
      "ci": {
        "point": 0.5493253968253969,
        "lower": 0.4205039682539683,
        "upper": 0.6662926587301586,
        "std_err": 0.06318280773063627
      }
    },
    "ndcg_at_3": {
      "mean": 0.7556703547970934,
      "std": 0.24556029018534736,
      "ci": {
        "point": 0.7556703547970934,
        "lower": 0.6620002796485217,
        "upper": 0.8420854370177413,
        "std_err": 0.046109887404501435
      }
    },
    "hit_rate_at_3": {
      "mean": 0.9666666666666667,
      "std": 0.17950549357115012,
      "ci": {
        "point": 0.9666666666666667,
        "lower": 0.9,
        "upper": 1.0,
        "std_err": 0.031485644192785364
      }
    },
    "precision_at_5": {
      "mean": 0.3399999999999999,
      "std": 0.18726095873584186,
      "ci": {
        "point": 0.3399999999999999,
        "lower": 0.27999999999999997,
        "upper": 0.4066666666666666,
        "std_err": 0.03353350374851141
      }
    },
    "recall_at_5": {
      "mean": 0.5774603174603175,
      "std": 0.33463915614795053,
      "ci": {
        "point": 0.5774603174603175,
        "lower": 0.459280753968254,
        "upper": 0.7003968253968254,
        "std_err": 0.06256513314218992
      }
    },
    "ndcg_at_5": {
      "mean": 0.6948258405772055,
      "std": 0.2553718621128532,
      "ci": {
        "point": 0.6948258405772055,
        "lower": 0.5983263704911768,
        "upper": 0.7806749465388512,
        "std_err": 0.04806997288887218
      }
    },
    "hit_rate_at_5": {
      "mean": 0.9666666666666667,
      "std": 0.17950549357115012,
      "ci": {
        "point": 0.9666666666666667,
        "lower": 0.9,
        "upper": 1.0,
        "std_err": 0.03217802705924378
      }
    },
    "precision_at_10": {
      "mean": 0.16999999999999996,
      "std": 0.09363047936792093,
      "ci": {
        "point": 0.16999999999999996,
        "lower": 0.13991666666666666,
        "upper": 0.2033333333333333,
        "std_err": 0.016902948417976557
      }
    },
    "recall_at_10": {
      "mean": 0.5774603174603175,
      "std": 0.33463915614795053,
      "ci": {
        "point": 0.5774603174603175,
        "lower": 0.44837499999999997,
        "upper": 0.6948809523809524,
        "std_err": 0.062357623600777366
      }
    },
    "ndcg_at_10": {
      "mean": 0.6353374410431327,
      "std": 0.28047395358506905,
      "ci": {
        "point": 0.6353374410431327,
        "lower": 0.5418008144196409,
        "upper": 0.7350432428219815,
        "std_err": 0.05053444620364258
      }
    },
    "hit_rate_at_10": {
      "mean": 0.9666666666666667,
      "std": 0.17950549357115012,
      "ci": {
        "point": 0.9666666666666667,
        "lower": 0.9,
        "upper": 1.0,
        "std_err": 0.03244664862862498
      }
    },
    "mrr": {
      "mean": 0.9333333333333333,
      "std": 0.21343747458109497,
      "ci": {
        "point": 0.9333333333333333,
        "lower": 0.85,
        "upper": 1.0,
        "std_err": 0.03963125271483734
      }
    },
    "context_relevance": {
      "mean": 0.625,
      "std": 0.28686524130097507,
      "ci": {
        "point": 0.625,
        "lower": 0.525,
        "upper": 0.725,
        "std_err": 0.05243200839557151
      }
    }
  },
  "latency_stats": {
    "mean_ms": 35.82695999987967,
    "median_ms": 35.30539999337634,
    "p95_ms": 41.26267500469112,
    "max_ms": 44.44080000394024
  },
  "generation_metrics": {},
  "comparison_vs_baseline": {
    "baseline": {
      "precision_at_1": {
        "point": 0.8666666666666667,
        "lower": 0.7333333333333333,
        "upper": 0.9666666666666667,
        "std_err": 0.06166167498667354
      },
      "recall_at_1": {
        "point": 0.41484126984126984,
        "lower": 0.2814930555555555,
        "upper": 0.5539990079365079,
        "std_err": 0.07125434459822245
      },
      "ndcg_at_1": {
        "point": 0.8666666666666667,
        "lower": 0.7333333333333333,
        "upper": 0.9666666666666667,
        "std_err": 0.06339126830519946
      },
      "hit_rate_at_1": {
        "point": 0.8666666666666667,
        "lower": 0.7333333333333333,
        "upper": 0.9666666666666667,
        "std_err": 0.06151246852292455
      },
      "precision_at_3": {
        "point": 0.488888888888889,
        "lower": 0.41111111111111115,
        "upper": 0.5888888888888888,
        "std_err": 0.04492569912531897
      },
      "recall_at_3": {
        "point": 0.5685714285714286,
        "lower": 0.4425277777777778,
        "upper": 0.6918224206349205,
        "std_err": 0.06206209140414513
      },
      "ndcg_at_3": {
        "point": 0.759453222008333,
        "lower": 0.6750704954139589,
        "upper": 0.847265487965488,
        "std_err": 0.044600327592854545
      },
      "hit_rate_at_3": {
        "point": 1.0,
        "lower": 1.0,
        "upper": 1.0,
        "std_err": 0.0
      },
      "precision_at_5": {
        "point": 0.3466666666666665,
        "lower": 0.27999999999999997,
        "upper": 0.42,
        "std_err": 0.03607293677923923
      },
      "recall_at_5": {
        "point": 0.6084126984126984,
        "lower": 0.49735714285714283,
        "upper": 0.7273472222222224,
        "std_err": 0.06025100123548121
      },
      "ndcg_at_5": {
        "point": 0.7126807830867932,
        "lower": 0.624066838794154,
        "upper": 0.7893081413026157,
        "std_err": 0.04383243975187922
      },
      "hit_rate_at_5": {
        "point": 1.0,
        "lower": 1.0,
        "upper": 1.0,
        "std_err": 0.0
      },
      "precision_at_10": {
        "point": 0.17333333333333326,
        "lower": 0.14000000000000004,
        "upper": 0.20674999999999996,
        "std_err": 0.017863631221886066
      },
      "recall_at_10": {
        "point": 0.6084126984126984,
        "lower": 0.4934196428571428,
        "upper": 0.7311795634920635,
        "std_err": 0.06043478996352706
      },
      "ndcg_at_10": {
        "point": 0.6496708465531053,
        "lower": 0.5576848720454081,
        "upper": 0.7452991659010348,
        "std_err": 0.04783498225571498
      },
      "hit_rate_at_10": {
        "point": 1.0,
        "lower": 1.0,
        "upper": 1.0,
        "std_err": 0.0
      },
      "mrr": {
        "point": 0.9277777777777778,
        "lower": 0.861111111111111,
        "upper": 0.9833333333333333,