{
  "config_name": "chunk_sentence_window_3",
  "config_params": {
    "name": "sentence_window_3",
    "strategy": "sentence_window",
    "window_size": 3
  },
  "n_queries": 30,
  "timestamp": "2026-06-12T07:16:29.811375",
  "retrieval_metrics": {
    "precision_at_1": {
      "mean": 0.7666666666666667,
      "std": 0.42295258468165065,
      "ci": {
        "point": 0.7666666666666667,
        "lower": 0.6,
        "upper": 0.9,
        "std_err": 0.07592366753642156
      }
    },
    "recall_at_1": {
      "mean": 0.2487830687830688,
      "std": 0.2270776006643896,
      "ci": {
        "point": 0.2487830687830688,
        "lower": 0.17294246031746036,
        "upper": 0.3241706349206349,
        "std_err": 0.039111920252874535
      }
    },
    "ndcg_at_1": {
      "mean": 0.7666666666666667,
      "std": 0.42295258468165065,
      "ci": {
        "point": 0.7666666666666667,
        "lower": 0.6,
        "upper": 0.9,
        "std_err": 0.07529658852105837
      }
    },
    "hit_rate_at_1": {
      "mean": 0.7666666666666667,
      "std": 0.42295258468165065,
      "ci": {
        "point": 0.7666666666666667,
        "lower": 0.6,
        "upper": 0.9,
        "std_err": 0.07878494893880686
      }
    },
    "precision_at_3": {
      "mean": 0.5111111111111111,
      "std": 0.2819683897877671,
      "ci": {
        "point": 0.5111111111111111,
        "lower": 0.4111111111111111,
        "upper": 0.6111111111111112,
        "std_err": 0.051614537489289965
      }
    },
    "recall_at_3": {
      "mean": 0.4611375661375661,
      "std": 0.3510322923179476,
      "ci": {
        "point": 0.4611375661375661,
        "lower": 0.3339649470899471,
        "upper": 0.5905052910052909,
        "std_err": 0.06472708137934963
      }
    },
    "ndcg_at_3": {
      "mean": 0.6391781174331098,
      "std": 0.3411762547795003,
      "ci": {
        "point": 0.6391781174331098,
        "lower": 0.5129241914535834,
        "upper": 0.7607537298556781,
        "std_err": 0.06295447982490111
      }
    },
    "hit_rate_at_3": {
      "mean": 0.8333333333333334,
      "std": 0.37267799624996495,
      "ci": {
        "point": 0.8333333333333334,
        "lower": 0.7,
        "upper": 0.9333333333333333,
        "std_err": 0.06641908481875895
      }
    },
    "precision_at_5": {
      "mean": 0.35333333333333333,
      "std": 0.16878651868229552,
      "ci": {
        "point": 0.35333333333333333,
        "lower": 0.29333333333333333,
        "upper": 0.4133333333333334,
        "std_err": 0.03076679480103503
      }
    },
    "recall_at_5": {
      "mean": 0.5725661375661376,
      "std": 0.3428729226315168,
      "ci": {
        "point": 0.5725661375661376,
        "lower": 0.45057407407407407,
        "upper": 0.7033816137566137,
        "std_err": 0.06369761779035808
      }
    },
    "ndcg_at_5": {
      "mean": 0.6092828148726116,
      "std": 0.28629019142187706,
      "ci": {
        "point": 0.6092828148726116,
        "lower": 0.5080805141555791,
        "upper": 0.7158154378337537,
        "std_err": 0.05324593183012843
      }
    },
    "hit_rate_at_5": {
      "mean": 0.9333333333333333,
      "std": 0.24944382578492943,
      "ci": {
        "point": 0.9333333333333333,
        "lower": 0.8333333333333334,
        "upper": 1.0,
        "std_err": 0.044953924186261957
      }
    },
    "precision_at_10": {
      "mean": 0.22666666666666666,
      "std": 0.09977753031397177,
      "ci": {
        "point": 0.22666666666666666,
        "lower": 0.19333333333333333,
        "upper": 0.26333333333333336,
        "std_err": 0.017915850211472278
      }
    },
    "recall_at_10": {
      "mean": 0.7243121693121692,
      "std": 0.29264739792127337,
      "ci": {
        "point": 0.7243121693121692,
        "lower": 0.6153921957671958,
        "upper": 0.8309570105820105,
        "std_err": 0.05441186197200409
      }
    },
    "ndcg_at_10": {
      "mean": 0.6514958426667042,
      "std": 0.2485256193409075,
      "ci": {
        "point": 0.6514958426667042,
        "lower": 0.5598633621044762,
        "upper": 0.7402570422845162,
        "std_err": 0.044325014757681525
      }
    },
    "hit_rate_at_10": {
      "mean": 1.0,
      "std": 0.0,
      "ci": {
        "point": 1.0,
        "lower": 1.0,
        "upper": 1.0,
        "std_err": 0.0
      }
    },
    "mrr": {
      "mean": 0.8344444444444445,
      "std": 0.30722573837650335,
      "ci": {
        "point": 0.8344444444444445,
        "lower": 0.7182916666666667,
        "upper": 0.9305555555555555,
        "std_err": 0.05442474566403518
      }
    },
    "context_relevance": {
      "mean": 0.39,
      "std": 0.2005824851110718,
      "ci": {
        "point": 0.39,
        "lower": 0.3233333333333333,
        "upper": 0.46008333333333334,
        "std_err": 0.035791166148100115
      }
    }
  },
  "latency_stats": {
    "mean_ms": 74.78853333401882,
    "median_ms": 74.28219999565044,
    "p95_ms": 81.89262499654433,
    "max_ms": 90.48720001010224
  },
  "generation_metrics": {},
  "comparison_vs_baseline": {
    "baseline": {
      "precision_at_1": {
        "point": 0.7333333333333333,
        "lower": 0.5666666666666667,
        "upper": 0.8666666666666667,
        "std_err": 0.07897248457524086
      },
      "recall_at_1": {
        "point": 0.1982022607022607,
        "lower": 0.12509343434343434,
        "upper": 0.28066056397306394,
        "std_err": 0.04020048479039702
      },
      "ndcg_at_1": {
        "point": 0.7333333333333333,
        "lower": 0.5666666666666667,
        "upper": 0.9,
        "std_err": 0.08243210368773234
      },
      "hit_rate_at_1": {
        "point": 0.7333333333333333,
        "lower": 0.5666666666666667,
        "upper": 0.9,
        "std_err": 0.08270329734023008
      },
      "precision_at_3": {
        "point": 0.6555555555555554,
        "lower": 0.5777777777777777,
        "upper": 0.7333333333333335,
        "std_err": 0.041417863175293015
      },
      "recall_at_3": {
        "point": 0.5253463203463203,
        "lower": 0.4102000962000961,
        "upper": 0.6440927128427129,
        "std_err": 0.06105136155468488
      },
      "ndcg_at_3": {
        "point": 0.7724160512179097,
        "lower": 0.6856287874159444,
        "upper": 0.8523371557958801,
        "std_err": 0.040790901039031956
      },
      "hit_rate_at_3": {
        "point": 1.0,
        "lower": 1.0,
        "upper": 1.0,
        "std_err": 0.0
      },
      "precision_at_5": {
        "point": 0.5133333333333333,
        "lower": 0.4333333333333333,
        "upper": 0.5933333333333334,
        "std_err": 0.04066898257790205
      },
      "recall_at_5": {
        "point": 0.6116967291967292,
        "lower": 0.5045556156806158,
        "upper": 0.7303210678210679,
        "std_err": 0.058218421716288334
      },
      "ndcg_at_5": {
        "point": 0.7499576578586679,
        "lower": 0.6735098318441619,
        "upper": 0.8181592145095429,
        "std_err": 0.037782988105603786
      },
      "hit_rate_at_5": {
        "point": 1.0,
        "lower": 1.0,
        "upper": 1.0,
        "std_err": 0.0
      },
      "precision_at_10": {
        "point": 0.38666666666666655,
        "lower": 0.30999999999999994,
        "upper": 0.4733333333333333,
        "std_err": 0.043309204544870375
      },
      "recall_at_10": {
        "point": 0.7458152958152958,
        "lower": 0.6592888407888408,
        "upper": 0.8359753487253487,
        "std_err": 0.045085438807991575
      },
      "ndcg_at_10": {
        "point": 0.7408651813188213,
        "lower": 0.6714086931847216,
        "upper": 0.8078121560537306,
        "std_err": 0.03493345655134822
      },
      "hit_rate_at_10": {
        "point": 1.0,
        "lower": 1.0,
        "upper": 1.0,
        "std_err": 0.0
      },
      "mrr": {
        "point": 0.8555555555555555,
        "lower": 0.7611111111111111,
        "upper": 0.9333333333333333,
        "std_err": 0.044293481798271
      },