{
  "config_name": "chunk_fixed_256_25pct",
  "config_params": {
    "name": "fixed_256_25pct",
    "strategy": "fixed",
    "chunk_size": 256,
    "chunk_overlap": 64
  },
  "n_queries": 30,
  "timestamp": "2026-06-12T07:13:38.394941",
  "retrieval_metrics": {
    "precision_at_1": {
      "mean": 0.9,
      "std": 0.30000000000000004,
      "ci": {
        "point": 0.9,
        "lower": 0.8,
        "upper": 1.0,
        "std_err": 0.05324106758832519
      }
    },
    "recall_at_1": {
      "mean": 0.26049253034547154,
      "std": 0.21770173229958187,
      "ci": {
        "point": 0.26049253034547154,
        "lower": 0.190578314659197,
        "upper": 0.3348932656395891,
        "std_err": 0.037501191907895505
      }
    },
    "ndcg_at_1": {
      "mean": 0.9,
      "std": 0.30000000000000004,
      "ci": {
        "point": 0.9,
        "lower": 0.7666666666666667,
        "upper": 1.0,
        "std_err": 0.05524401134673844
      }
    },
    "hit_rate_at_1": {
      "mean": 0.9,
      "std": 0.30000000000000004,
      "ci": {
        "point": 0.9,
        "lower": 0.7666666666666667,
        "upper": 1.0,
        "std_err": 0.05540403762509497
      }
    },
    "precision_at_3": {
      "mean": 0.6333333333333334,
      "std": 0.2487003253955488,
      "ci": {
        "point": 0.6333333333333334,
        "lower": 0.5444444444444444,
        "upper": 0.7222222222222222,
        "std_err": 0.04549165419846618
      }
    },
    "recall_at_3": {
      "mean": 0.5264978213507626,
      "std": 0.3471876377822434,
      "ci": {
        "point": 0.5264978213507626,
        "lower": 0.407479419545596,
        "upper": 0.6562953042328041,
        "std_err": 0.06300354213983905
      }
    },
    "ndcg_at_3": {
      "mean": 0.7724650199110079,
      "std": 0.2571630940443027,
      "ci": {
        "point": 0.7724650199110079,
        "lower": 0.6786092747064567,
        "upper": 0.8615965533226576,
        "std_err": 0.04845289269852542
      }
    },
    "hit_rate_at_3": {
      "mean": 0.9666666666666667,
      "std": 0.17950549357115014,
      "ci": {
        "point": 0.9666666666666667,
        "lower": 0.9,
        "upper": 1.0,
        "std_err": 0.03108248003312241
      }
    },
    "precision_at_5": {
      "mean": 0.4666666666666667,
      "std": 0.1813529401164726,
      "ci": {
        "point": 0.4666666666666667,
        "lower": 0.4000000000000001,
        "upper": 0.5266666666666667,
        "std_err": 0.031784486576319805
      }
    },
    "recall_at_5": {
      "mean": 0.6046521942110178,
      "std": 0.32198536348939544,
      "ci": {
        "point": 0.6046521942110178,
        "lower": 0.4947702497665733,
        "upper": 0.7214877450980391,
        "std_err": 0.05863795067364966
      }
    },
    "ndcg_at_5": {
      "mean": 0.7262446400749938,
      "std": 0.22443345036455245,
      "ci": {
        "point": 0.7262446400749938,
        "lower": 0.6456957735071137,
        "upper": 0.8046475391431924,
        "std_err": 0.04129822079361552
      }
    },
    "hit_rate_at_5": {
      "mean": 1.0,
      "std": 0.0,
      "ci": {
        "point": 1.0,
        "lower": 1.0,
        "upper": 1.0,
        "std_err": 0.0
      }
    },
    "precision_at_10": {
      "mean": 0.28666666666666657,
      "std": 0.12310790208412924,
      "ci": {
        "point": 0.28666666666666657,
        "lower": 0.24666666666666667,
        "upper": 0.33333333333333326,
        "std_err": 0.021590858627840586
      }
    },
    "recall_at_10": {
      "mean": 0.6767981637099284,
      "std": 0.27567094408053344,
      "ci": {
        "point": 0.6767981637099284,
        "lower": 0.5760303649237473,
        "upper": 0.7802784391534392,
        "std_err": 0.05078398693655901
      }
    },
    "ndcg_at_10": {
      "mean": 0.701056939525229,
      "std": 0.22294512319641463,
      "ci": {
        "point": 0.701056939525229,
        "lower": 0.6228617005100684,
        "upper": 0.7833745415268022,
        "std_err": 0.03984117164933098
      }
    },
    "hit_rate_at_10": {
      "mean": 1.0,
      "std": 0.0,
      "ci": {
        "point": 1.0,
        "lower": 1.0,
        "upper": 1.0,
        "std_err": 0.0
      }
    },
    "mrr": {
      "mean": 0.9361111111111112,
      "std": 0.19446428470207933,
      "ci": {
        "point": 0.9361111111111112,
        "lower": 0.8638888888888888,
        "upper": 1.0,
        "std_err": 0.03445965119023618
      }
    },
    "context_relevance": {
      "mean": 0.45666666666666667,
      "std": 0.23335714164249519,
      "ci": {
        "point": 0.45666666666666667,
        "lower": 0.37999999999999995,
        "upper": 0.5366666666666667,
        "std_err": 0.04300356426940919
      }
    }
  },
  "latency_stats": {
    "mean_ms": 73.53495666611707,
    "median_ms": 71.51895000424702,
    "p95_ms": 82.41942500535512,
    "max_ms": 127.31710000662133
  },
  "generation_metrics": {},
  "comparison_vs_baseline": {},
  "error_analysis": [
    {
      "id": "q030",
      "question": "Are custom-made products eligible for return?",
      "category": "standard",
      "ndcg_at_5": 0.2640681225725909,
      "n_retrieved": 10,
      "n_relevant_found": 1,
      "n_relevant_total": 2,
      "failure_mode": "partial_recall"
    },
    {
      "id": "q017",
      "question": "How do I delete my ACME account?",
      "category": "standard",
      "ndcg_at_5": 0.3391602052736161,
      "n_retrieved": 10,
      "n_relevant_found": 1,
      "n_relevant_total": 8,
      "failure_mode": "partial_recall"
    },
    {
      "id": "q004",
      "question": "Can I return a gift card?",
      "category": "standard",
      "ndcg_at_5": 0.3903800499921017,
      "n_retrieved": 10,
      "n_relevant_found": 1,
      "n_relevant_total": 4,
      "failure_mode": "partial_recall"
    },
    {
      "id": "q008",
      "question": "How do I track my order?",
      "category": "standard",
      "ndcg_at_5": 0.4912596920895758,
      "n_retrieved": 10,
      "n_relevant_found": 3,
      "n_relevant_total": 9,
      "failure_mode": "partial_recall"
    },
    {
      "id": "q022",
      "question": "What are ACME's customer support hours?",
      "category": "standard",
      "ndcg_at_5": 0.5,
      "n_retrieved": 10,
      "n_relevant_found": 1,
      "n_relevant_total": 1,
      "failure_mode": "ranking_error"
    },
    {
      "id": "q009",
      "question": "What happens if my package is lost?",
      "category": "standard",
      "ndcg_at_5": 0.5087403079104241,
      "n_retrieved": 10,
      "n_relevant_found": 2,
      "n_relevant_total": 5,
      "failure_mode": "partial_recall"
    },
    {
      "id": "q019",
      "question": "Do I need an account to place an order?",
      "category": "standard",
      "ndcg_at_5": 0.5087403079104241,
      "n_retrieved": 10,
      "n_relevant_found": 2,
      "n_relevant_total": 12,
      "failure_mode": "partial_recall"
    },
    {
      "id": "q024",
      "question": "How do I escalate a complaint?",
      "category": "standard",
      "ndcg_at_5": 0.5087403079104241,
      "n_retrieved": 10,
      "n_relevant_found": 2,
      "n_relevant_total": 5,
      "failure_mode": "partial_recall"
    },
    {
      "id": "q027",
      "question": "What is the price match guarantee?",
      "category": "standard",
      "ndcg_at_5": 0.5531464700081437,
      "n_retrieved": 10,
      "n_relevant_found": 2,
      "n_relevant_total": 7,
      "failure_mode": "partial_recall"
    },
    {
      "id": "q014",
      "question": "My payment was declined. What should I do?",
      "category": "standard",
      "ndcg_at_5": 0.5855700749881525,
      "n_retrieved": 10,
      "n_relevant_found": 2,
      "n_relevant_total": 4,
      "failure_mode": "partial_recall"
    }
  ]
}