{
  "config_name": "chunk_semantic_512",
  "config_params": {
    "name": "semantic_512",
    "strategy": "semantic",
    "breakpoint_threshold_type": "percentile",
    "breakpoint_threshold_amount": 95
  },
  "n_queries": 30,
  "timestamp": "2026-06-12T07:16:08.479972",
  "retrieval_metrics": {
    "precision_at_1": {
      "mean": 0.9,
      "std": 0.29999999999999993,
      "ci": {
        "point": 0.9,
        "lower": 0.7666666666666667,
        "upper": 1.0,
        "std_err": 0.05570067133355962
      }
    },
    "recall_at_1": {
      "mean": 0.3922222222222222,
      "std": 0.2800044091363607,
      "ci": {
        "point": 0.3922222222222222,
        "lower": 0.3005555555555555,
        "upper": 0.5012083333333331,
        "std_err": 0.050425838878955694
      }
    },
    "ndcg_at_1": {
      "mean": 0.9,
      "std": 0.29999999999999993,
      "ci": {
        "point": 0.9,
        "lower": 0.8,
        "upper": 1.0,
        "std_err": 0.05352052567838915
      }
    },
    "hit_rate_at_1": {
      "mean": 0.9,
      "std": 0.29999999999999993,
      "ci": {
        "point": 0.9,
        "lower": 0.7666666666666667,
        "upper": 1.0,
        "std_err": 0.056687948662158545
      }
    },
    "precision_at_3": {
      "mean": 0.5888888888888889,
      "std": 0.2813108644704926,
      "ci": {
        "point": 0.5888888888888889,
        "lower": 0.4888888888888889,
        "upper": 0.688888888888889,
        "std_err": 0.052142642351991945
      }
    },
    "recall_at_3": {
      "mean": 0.6661111111111111,
      "std": 0.27810480749281785,
      "ci": {
        "point": 0.6661111111111111,
        "lower": 0.5700000000000001,
        "upper": 0.7605555555555554,
        "std_err": 0.05011219324834099
      }
    },
    "ndcg_at_3": {
      "mean": 0.7838261700429889,
      "std": 0.26325320714628914,
      "ci": {
        "point": 0.7838261700429889,
        "lower": 0.6879543874803865,
        "upper": 0.8742586607816404,
        "std_err": 0.04832065079028077
      }
    },
    "hit_rate_at_3": {
      "mean": 0.9333333333333333,
      "std": 0.24944382578492943,
      "ci": {
        "point": 0.9333333333333333,
        "lower": 0.8333333333333334,
        "upper": 1.0,
        "std_err": 0.044710402942071015
      }
    },
    "precision_at_5": {
      "mean": 0.5066666666666667,
      "std": 0.24073960113690382,
      "ci": {
        "point": 0.5066666666666667,
        "lower": 0.41999999999999993,
        "upper": 0.5866666666666667,
        "std_err": 0.043123925631263445
      }
    },
    "recall_at_5": {
      "mean": 0.9272222222222222,
      "std": 0.13034735171366327,
      "ci": {
        "point": 0.9272222222222222,
        "lower": 0.8794305555555557,
        "upper": 0.9700000000000001,
        "std_err": 0.02393266592161014
      }
    },
    "ndcg_at_5": {
      "mean": 0.8595472736544438,
      "std": 0.16560857226103048,
      "ci": {
        "point": 0.8595472736544438,
        "lower": 0.7953582442455122,
        "upper": 0.9116388475659026,
        "std_err": 0.030255319985760212
      }
    },
    "hit_rate_at_5": {
      "mean": 1.0,
      "std": 0.0,
      "ci": {
        "point": 1.0,
        "lower": 1.0,
        "upper": 1.0,
        "std_err": 0.0
      }
    },
    "precision_at_10": {
      "mean": 0.27999999999999997,
      "std": 0.1375984496036686,
      "ci": {
        "point": 0.27999999999999997,
        "lower": 0.23333333333333336,
        "upper": 0.3266666666666667,
        "std_err": 0.024266380068854322
      }
    },
    "recall_at_10": {
      "mean": 1.0,
      "std": 0.0,
      "ci": {
        "point": 1.0,
        "lower": 1.0,
        "upper": 1.0,
        "std_err": 0.0
      }
    },
    "ndcg_at_10": {
      "mean": 0.8983862849349495,
      "std": 0.15677293000041467,
      "ci": {
        "point": 0.8983862849349495,
        "lower": 0.8376072855741147,
        "upper": 0.9483378873762605,
        "std_err": 0.028851852539465875
      }
    },
    "hit_rate_at_10": {
      "mean": 1.0,
      "std": 0.0,
      "ci": {
        "point": 1.0,
        "lower": 1.0,
        "upper": 1.0,
        "std_err": 0.0
      }
    },
    "mrr": {
      "mean": 0.9277777777777778,
      "std": 0.21702249982916233,
      "ci": {
        "point": 0.9277777777777778,
        "lower": 0.85,
        "upper": 1.0,
        "std_err": 0.040136890156474696
      }
    },
    "context_relevance": {
      "mean": 0.5222222222222223,
      "std": 0.28781852993308044,
      "ci": {
        "point": 0.5222222222222223,
        "lower": 0.4222222222222223,
        "upper": 0.6277777777777778,
        "std_err": 0.052826853767265786
      }
    }
  },
  "latency_stats": {
    "mean_ms": 72.5920533334526,
    "median_ms": 72.6373999932548,
    "p95_ms": 79.08657499865512,
    "max_ms": 91.36200000648387
  },
  "generation_metrics": {},
  "comparison_vs_baseline": {
    "baseline": {
      "precision_at_1": {
        "point": 0.7333333333333333,
        "lower": 0.5666666666666667,
        "upper": 0.8666666666666667,
        "std_err": 0.07897248457524086
      },
      "recall_at_1": {
        "point": 0.1982022607022607,
        "lower": 0.12509343434343434,
        "upper": 0.28066056397306394,
        "std_err": 0.04020048479039702
      },
      "ndcg_at_1": {
        "point": 0.7333333333333333,
        "lower": 0.5666666666666667,
        "upper": 0.9,
        "std_err": 0.08243210368773234
      },
      "hit_rate_at_1": {
        "point": 0.7333333333333333,
        "lower": 0.5666666666666667,
        "upper": 0.9,
        "std_err": 0.08270329734023008
      },
      "precision_at_3": {
        "point": 0.6555555555555554,
        "lower": 0.5777777777777777,
        "upper": 0.7333333333333335,
        "std_err": 0.041417863175293015
      },
      "recall_at_3": {
        "point": 0.5253463203463203,
        "lower": 0.4102000962000961,
        "upper": 0.6440927128427129,
        "std_err": 0.06105136155468488
      },
      "ndcg_at_3": {
        "point": 0.7724160512179097,
        "lower": 0.6856287874159444,
        "upper": 0.8523371557958801,
        "std_err": 0.040790901039031956
      },
      "hit_rate_at_3": {
        "point": 1.0,
        "lower": 1.0,
        "upper": 1.0,
        "std_err": 0.0
      },
      "precision_at_5": {
        "point": 0.5133333333333333,
        "lower": 0.4333333333333333,
        "upper": 0.5933333333333334,
        "std_err": 0.04066898257790205
      },
      "recall_at_5": {
        "point": 0.6116967291967292,
        "lower": 0.5045556156806158,
        "upper": 0.7303210678210679,
        "std_err": 0.058218421716288334
      },
      "ndcg_at_5": {
        "point": 0.7499576578586679,
        "lower": 0.6735098318441619,
        "upper": 0.8181592145095429,
        "std_err": 0.037782988105603786
      },
      "hit_rate_at_5": {
        "point": 1.0,
        "lower": 1.0,
        "upper": 1.0,
        "std_err": 0.0
      },
      "precision_at_10": {
        "point": 0.38666666666666655,
        "lower": 0.30999999999999994,
        "upper": 0.4733333333333333,
        "std_err": 0.043309204544870375
      },
      "recall_at_10": {
        "point": 0.7458152958152958,
        "lower": 0.6592888407888408,
        "upper": 0.8359753487253487,
        "std_err": 0.045085438807991575
      },
      "ndcg_at_10": {
        "point": 0.7408651813188213,
        "lower": 0.6714086931847216,
        "upper": 0.8078121560537306,
        "std_err": 0.03493345655134822
      },
      "hit_rate_at_10": {
        "point": 1.0,
        "lower": 1.0,
        "upper": 1.0,
        "std_err": 0.0
      },
      "mrr": {
        "point": 0.8555555555555555,
        "lower": 0.7611111111111111,
        "upper": 0.9333333333333333,
        "std_err": 0.044293481798271
      },
      "context_relevance": {
        "point": 0.47,
        "lower": 0.38325000000000004,
        "upper": 0.55675,
        "std_err": 0.04595970342357779
      }
    },