{
  "config_name": "chunk_fixed_512_25pct",
  "config_params": {
    "name": "fixed_512_25pct",
    "strategy": "fixed",
    "chunk_size": 512,
    "chunk_overlap": 128,
    "is_baseline": true
  },
  "n_queries": 30,
  "timestamp": "2026-06-12T07:14:37.552050",
  "retrieval_metrics": {
    "precision_at_1": {
      "mean": 0.7333333333333333,
      "std": 0.4422166387140533,
      "ci": {
        "point": 0.7333333333333333,
        "lower": 0.5666666666666667,
        "upper": 0.8666666666666667,
        "std_err": 0.07897248457524086
      }
    },
    "recall_at_1": {
      "mean": 0.1982022607022607,
      "std": 0.23288686340469988,
      "ci": {
        "point": 0.1982022607022607,
        "lower": 0.12509343434343434,
        "upper": 0.28066056397306394,
        "std_err": 0.04020048479039702
      }
    },
    "ndcg_at_1": {
      "mean": 0.7333333333333333,
      "std": 0.4422166387140533,
      "ci": {
        "point": 0.7333333333333333,
        "lower": 0.5666666666666667,
        "upper": 0.9,
        "std_err": 0.08243210368773234
      }
    },
    "hit_rate_at_1": {
      "mean": 0.7333333333333333,
      "std": 0.4422166387140533,
      "ci": {
        "point": 0.7333333333333333,
        "lower": 0.5666666666666667,
        "upper": 0.9,
        "std_err": 0.08270329734023008
      }
    },
    "precision_at_3": {
      "mean": 0.6555555555555554,
      "std": 0.2191453658146224,
      "ci": {
        "point": 0.6555555555555554,
        "lower": 0.5777777777777777,
        "upper": 0.7333333333333335,
        "std_err": 0.041417863175293015
      }
    },
    "recall_at_3": {
      "mean": 0.5253463203463203,
      "std": 0.3389674753528862,
      "ci": {
        "point": 0.5253463203463203,
        "lower": 0.4102000962000961,
        "upper": 0.6440927128427129,
        "std_err": 0.06105136155468488
      }
    },
    "ndcg_at_3": {
      "mean": 0.7724160512179097,
      "std": 0.2177016206063666,
      "ci": {
        "point": 0.7724160512179097,
        "lower": 0.6856287874159444,
        "upper": 0.8523371557958801,
        "std_err": 0.040790901039031956
      }
    },
    "hit_rate_at_3": {
      "mean": 1.0,
      "std": 0.0,
      "ci": {
        "point": 1.0,
        "lower": 1.0,
        "upper": 1.0,
        "std_err": 0.0
      }
    },
    "precision_at_5": {
      "mean": 0.5133333333333333,
      "std": 0.22320892057044273,
      "ci": {
        "point": 0.5133333333333333,
        "lower": 0.4333333333333333,
        "upper": 0.5933333333333334,
        "std_err": 0.04066898257790205
      }
    },
    "recall_at_5": {
      "mean": 0.6116967291967292,
      "std": 0.316892609667,
      "ci": {
        "point": 0.6116967291967292,
        "lower": 0.5045556156806158,
        "upper": 0.7303210678210679,
        "std_err": 0.058218421716288334
      }
    },
    "ndcg_at_5": {
      "mean": 0.7499576578586679,
      "std": 0.2052141326205129,
      "ci": {
        "point": 0.7499576578586679,
        "lower": 0.6735098318441619,
        "upper": 0.8181592145095429,
        "std_err": 0.037782988105603786
      }
    },
    "hit_rate_at_5": {
      "mean": 1.0,
      "std": 0.0,
      "ci": {
        "point": 1.0,
        "lower": 1.0,
        "upper": 1.0,
        "std_err": 0.0
      }
    },
    "precision_at_10": {
      "mean": 0.38666666666666655,
      "std": 0.24321915129272934,
      "ci": {
        "point": 0.38666666666666655,
        "lower": 0.30999999999999994,
        "upper": 0.4733333333333333,
        "std_err": 0.043309204544870375
      }
    },
    "recall_at_10": {
      "mean": 0.7458152958152958,
      "std": 0.23899231283805045,
      "ci": {
        "point": 0.7458152958152958,
        "lower": 0.6592888407888408,
        "upper": 0.8359753487253487,
        "std_err": 0.045085438807991575
      }
    },
    "ndcg_at_10": {
      "mean": 0.7408651813188213,
      "std": 0.1881151876859641,
      "ci": {
        "point": 0.7408651813188213,
        "lower": 0.6714086931847216,
        "upper": 0.8078121560537306,
        "std_err": 0.03493345655134822
      }
    },
    "hit_rate_at_10": {
      "mean": 1.0,
      "std": 0.0,
      "ci": {
        "point": 1.0,
        "lower": 1.0,
        "upper": 1.0,
        "std_err": 0.0
      }
    },
    "mrr": {
      "mean": 0.8555555555555555,
      "std": 0.24241582476968251,
      "ci": {
        "point": 0.8555555555555555,
        "lower": 0.7611111111111111,
        "upper": 0.9333333333333333,
        "std_err": 0.044293481798271
      }
    },
    "context_relevance": {
      "mean": 0.47,
      "std": 0.24919871588754225,
      "ci": {
        "point": 0.47,
        "lower": 0.38325000000000004,
        "upper": 0.55675,
        "std_err": 0.04595970342357779
      }
    }
  },
  "latency_stats": {
    "mean_ms": 75.069613334684,
    "median_ms": 75.28465000359574,
    "p95_ms": 79.55983000720153,
    "max_ms": 93.72550000261981
  },
  "generation_metrics": {},
  "comparison_vs_baseline": {},
  "error_analysis": [
    {
      "id": "q023",
      "question": "What is the customer support phone number?",
      "category": "standard",
      "ndcg_at_5": 0.2960819109658652,
      "n_retrieved": 10,
      "n_relevant_found": 1,
      "n_relevant_total": 3,
      "failure_mode": "partial_recall"
    },
    {
      "id": "q030",
      "question": "Are custom-made products eligible for return?",
      "category": "standard",
      "ndcg_at_5": 0.3065735963827292,
      "n_retrieved": 10,
      "n_relevant_found": 1,
      "n_relevant_total": 2,
      "failure_mode": "partial_recall"
    },
    {
      "id": "q022",
      "question": "What are ACME's customer support hours?",
      "category": "standard",
      "ndcg_at_5": 0.5,
      "n_retrieved": 10,
      "n_relevant_found": 1,
      "n_relevant_total": 1,
      "failure_mode": "ranking_error"
    },
    {
      "id": "q017",
      "question": "How do I delete my ACME account?",
      "category": "standard",
      "ndcg_at_5": 0.5087403079104241,
      "n_retrieved": 10,
      "n_relevant_found": 2,
      "n_relevant_total": 14,
      "failure_mode": "partial_recall"
    },
    {
      "id": "q014",
      "question": "My payment was declined. What should I do?",
      "category": "standard",
      "ndcg_at_5": 0.5296347172140421,
      "n_retrieved": 10,
      "n_relevant_found": 3,
      "n_relevant_total": 5,
      "failure_mode": "partial_recall"
    },
    {
      "id": "q024",
      "question": "How do I escalate a complaint?",
      "category": "standard",
      "ndcg_at_5": 0.5296347172140421,
      "n_retrieved": 10,
      "n_relevant_found": 3,
      "n_relevant_total": 7,
      "failure_mode": "partial_recall"
    },
    {
      "id": "q011",
      "question": "What payment methods are accepted?",
      "category": "standard",
      "ndcg_at_5": 0.6309297535714575,
      "n_retrieved": 10,
      "n_relevant_found": 1,
      "n_relevant_total": 1,
      "failure_mode": "ranking_error"
    },
    {
      "id": "q028",
      "question": "Does ACME sell my personal data?",
      "category": "standard",
      "ndcg_at_5": 0.6309297535714575,
      "n_retrieved": 10,
      "n_relevant_found": 1,
      "n_relevant_total": 1,
      "failure_mode": "ranking_error"
    },
    {
      "id": "q019",
      "question": "Do I need an account to place an order?",
      "category": "standard",
      "ndcg_at_5": 0.6608397947263839,
      "n_retrieved": 10,
      "n_relevant_found": 4,
      "n_relevant_total": 9,
      "failure_mode": "partial_recall"
    },
    {
      "id": "q004",
      "question": "Can I return a gift card?",
      "category": "standard",
      "ndcg_at_5": 0.6713860725233041,
      "n_retrieved": 10,
      "n_relevant_found": 2,
      "n_relevant_total": 3,
      "failure_mode": "partial_recall"
    }
  ]
}