{
  "config_name": "chunk_fixed_512_10pct",
  "config_params": {
    "name": "fixed_512_10pct",
    "strategy": "fixed",
    "chunk_size": 512,
    "chunk_overlap": 51
  },
  "n_queries": 30,
  "timestamp": "2026-06-12T07:14:16.043225",
  "retrieval_metrics": {
    "precision_at_1": {
      "mean": 0.8333333333333334,
      "std": 0.37267799624996495,
      "ci": {
        "point": 0.8333333333333334,
        "lower": 0.6666666666666666,
        "upper": 0.9666666666666667,
        "std_err": 0.07175248797527341
      }
    },
    "recall_at_1": {
      "mean": 0.2907940207940208,
      "std": 0.29671127365691213,
      "ci": {
        "point": 0.2907940207940208,
        "lower": 0.1883265091390092,
        "upper": 0.4006909664409664,
        "std_err": 0.05535293029541927
      }
    },
    "ndcg_at_1": {
      "mean": 0.8333333333333334,
      "std": 0.37267799624996495,
      "ci": {
        "point": 0.8333333333333334,
        "lower": 0.7,
        "upper": 0.9666666666666667,
        "std_err": 0.06789308198699485
      }
    },
    "hit_rate_at_1": {
      "mean": 0.8333333333333334,
      "std": 0.37267799624996495,
      "ci": {
        "point": 0.8333333333333334,
        "lower": 0.7,
        "upper": 0.9666666666666667,
        "std_err": 0.0665621386080244
      }
    },
    "precision_at_3": {
      "mean": 0.6111111111111108,
      "std": 0.2593915006650834,
      "ci": {
        "point": 0.6111111111111108,
        "lower": 0.5111111111111112,
        "upper": 0.7111111111111109,
        "std_err": 0.048510334071938006
      }
    },
    "recall_at_3": {
      "mean": 0.5332803307803308,
      "std": 0.3274000204837911,
      "ci": {
        "point": 0.5332803307803308,
        "lower": 0.42211170773670775,
        "upper": 0.6488048895548895,
        "std_err": 0.0592254441347441
      }
    },
    "ndcg_at_3": {
      "mean": 0.7725578816218784,
      "std": 0.2392164917934428,
      "ci": {
        "point": 0.7725578816218784,
        "lower": 0.6837823970534633,
        "upper": 0.8568856845561516,
        "std_err": 0.04454868125294506
      }
    },
    "hit_rate_at_3": {
      "mean": 1.0,
      "std": 0.0,
      "ci": {
        "point": 1.0,
        "lower": 1.0,
        "upper": 1.0,
        "std_err": 0.0
      }
    },
    "precision_at_5": {
      "mean": 0.4666666666666666,
      "std": 0.23285665595430646,
      "ci": {
        "point": 0.4666666666666666,
        "lower": 0.38666666666666666,
        "upper": 0.5466666666666667,
        "std_err": 0.041264578958080986
      }
    },
    "recall_at_5": {
      "mean": 0.598612591112591,
      "std": 0.2852060244723291,
      "ci": {
        "point": 0.598612591112591,
        "lower": 0.5034667346542346,
        "upper": 0.7043896404521404,
        "std_err": 0.052366671841571885
      }
    },
    "ndcg_at_5": {
      "mean": 0.7397285109906727,
      "std": 0.2184963449441878,
      "ci": {
        "point": 0.7397285109906727,
        "lower": 0.6627799120521103,
        "upper": 0.8136308281175297,
        "std_err": 0.03927738837992011
      }
    },
    "hit_rate_at_5": {
      "mean": 1.0,
      "std": 0.0,
      "ci": {
        "point": 1.0,
        "lower": 1.0,
        "upper": 1.0,
        "std_err": 0.0
      }
    },
    "precision_at_10": {
      "mean": 0.3333333333333332,
      "std": 0.20709632756012086,
      "ci": {
        "point": 0.3333333333333332,
        "lower": 0.26666666666666666,
        "upper": 0.4066666666666667,
        "std_err": 0.03672037426124474
      }
    },
    "recall_at_10": {
      "mean": 0.7528564953564953,
      "std": 0.242362569384768,
      "ci": {
        "point": 0.7528564953564953,
        "lower": 0.6615396062271063,
        "upper": 0.8396894818144819,
        "std_err": 0.04545093427356998
      }
    },
    "ndcg_at_10": {
      "mean": 0.7402261711964313,
      "std": 0.20167897456817643,
      "ci": {
        "point": 0.7402261711964313,
        "lower": 0.6708787251579538,
        "upper": 0.8168171880714986,
        "std_err": 0.035663783142715774
      }
    },
    "hit_rate_at_10": {
      "mean": 1.0,
      "std": 0.0,
      "ci": {
        "point": 1.0,
        "lower": 1.0,
        "upper": 1.0,
        "std_err": 0.0
      }
    },
    "mrr": {
      "mean": 0.9055555555555554,
      "std": 0.21379868227659843,
      "ci": {
        "point": 0.9055555555555554,
        "lower": 0.8222222222222222,
        "upper": 0.9777777777777777,
        "std_err": 0.03868660707722241
      }
    },
    "context_relevance": {
      "mean": 0.4333333333333333,
      "std": 0.2467567403109566,
      "ci": {
        "point": 0.4333333333333333,
        "lower": 0.35000000000000003,
        "upper": 0.5200833333333332,
        "std_err": 0.04539081323270079
      }
    }
  },
  "latency_stats": {
    "mean_ms": 76.19995333467766,
    "median_ms": 76.04395000817021,
    "p95_ms": 85.1316999971459,
    "max_ms": 89.35100000235252
  },
  "generation_metrics": {},
  "comparison_vs_baseline": {},
  "error_analysis": [
    {
      "id": "q030",
      "question": "Are custom-made products eligible for return?",
      "category": "standard",
      "ndcg_at_5": 0.3065735963827292,
      "n_retrieved": 10,
      "n_relevant_found": 1,
      "n_relevant_total": 2,
      "failure_mode": "partial_recall"
    },
    {
      "id": "q027",
      "question": "What is the price match guarantee?",
      "category": "standard",
      "ndcg_at_5": 0.3391602052736161,
      "n_retrieved": 10,
      "n_relevant_found": 1,
      "n_relevant_total": 5,
      "failure_mode": "partial_recall"
    },
    {
      "id": "q024",
      "question": "How do I escalate a complaint?",
      "category": "standard",
      "ndcg_at_5": 0.44149241373678083,
      "n_retrieved": 10,
      "n_relevant_found": 2,
      "n_relevant_total": 4,
      "failure_mode": "partial_recall"
    },
    {
      "id": "q017",
      "question": "How do I delete my ACME account?",
      "category": "standard",
      "ndcg_at_5": 0.4703652827859579,
      "n_retrieved": 10,
      "n_relevant_found": 2,
      "n_relevant_total": 10,
      "failure_mode": "partial_recall"
    },
    {
      "id": "q004",
      "question": "Can I return a gift card?",
      "category": "standard",
      "ndcg_at_5": 0.4776237035032179,
      "n_retrieved": 10,
      "n_relevant_found": 2,
      "n_relevant_total": 3,
      "failure_mode": "partial_recall"
    },
    {
      "id": "q014",
      "question": "My payment was declined. What should I do?",
      "category": "standard",
      "ndcg_at_5": 0.48522855511632257,
      "n_retrieved": 10,
      "n_relevant_found": 2,
      "n_relevant_total": 5,
      "failure_mode": "partial_recall"
    },
    {
      "id": "q028",
      "question": "Does ACME sell my personal data?",
      "category": "standard",
      "ndcg_at_5": 0.5,
      "n_retrieved": 10,
      "n_relevant_found": 1,
      "n_relevant_total": 1,
      "failure_mode": "ranking_error"
    },
    {
      "id": "q016",
      "question": "How do I reset my password?",
      "category": "standard",
      "ndcg_at_5": 0.5531464700081437,
      "n_retrieved": 10,
      "n_relevant_found": 2,
      "n_relevant_total": 8,
      "failure_mode": "partial_recall"
    },
    {
      "id": "q022",
      "question": "What are ACME's customer support hours?",
      "category": "standard",
      "ndcg_at_5": 0.6131471927654584,
      "n_retrieved": 10,
      "n_relevant_found": 1,
      "n_relevant_total": 2,
      "failure_mode": "partial_recall"
    },
    {
      "id": "q023",
      "question": "What is the customer support phone number?",
      "category": "standard",
      "ndcg_at_5": 0.6131471927654584,
      "n_retrieved": 10,
      "n_relevant_found": 1,
      "n_relevant_total": 2,
      "failure_mode": "partial_recall"
    }
  ]
}