{
  "config_name": "ret_multi_query_3",
  "config_params": {
    "name": "multi_query_3",
    "method": "multi_query",
    "n_rephrasings": 3,
    "top_k_per_query": 4,
    "final_top_k": 4,
    "llm_model": "llama3.2:latest",
    "temperature": 0.3,
    "chunking": "semantic_512"
  },
  "n_queries": 30,
  "timestamp": "2026-06-12T07:20:22.449095",
  "retrieval_metrics": {
    "precision_at_1": {
      "mean": 0.9,
      "std": 0.29999999999999993,
      "ci": {
        "point": 0.9,
        "lower": 0.7666666666666667,
        "upper": 1.0,
        "std_err": 0.05570067133355962
      }
    },
    "recall_at_1": {
      "mean": 0.3922222222222222,
      "std": 0.2800044091363607,
      "ci": {
        "point": 0.3922222222222222,
        "lower": 0.3005555555555555,
        "upper": 0.5012083333333331,
        "std_err": 0.050425838878955694
      }
    },
    "ndcg_at_1": {
      "mean": 0.9,
      "std": 0.29999999999999993,
      "ci": {
        "point": 0.9,
        "lower": 0.8,
        "upper": 1.0,
        "std_err": 0.05352052567838915
      }
    },
    "hit_rate_at_1": {
      "mean": 0.9,
      "std": 0.29999999999999993,
      "ci": {
        "point": 0.9,
        "lower": 0.7666666666666667,
        "upper": 1.0,
        "std_err": 0.056687948662158545
      }
    },
    "precision_at_3": {
      "mean": 0.5888888888888889,
      "std": 0.2813108644704926,
      "ci": {
        "point": 0.5888888888888889,
        "lower": 0.4888888888888889,
        "upper": 0.688888888888889,
        "std_err": 0.052142642351991945
      }
    },
    "recall_at_3": {
      "mean": 0.6661111111111111,
      "std": 0.27810480749281785,
      "ci": {
        "point": 0.6661111111111111,
        "lower": 0.5700000000000001,
        "upper": 0.7605555555555554,
        "std_err": 0.05011219324834099
      }
    },
    "ndcg_at_3": {
      "mean": 0.7838261700429889,
      "std": 0.26325320714628914,
      "ci": {
        "point": 0.7838261700429889,
        "lower": 0.6879543874803865,
        "upper": 0.8742586607816404,
        "std_err": 0.04832065079028077
      }
    },
    "hit_rate_at_3": {
      "mean": 0.9333333333333333,
      "std": 0.24944382578492943,
      "ci": {
        "point": 0.9333333333333333,
        "lower": 0.8333333333333334,
        "upper": 1.0,
        "std_err": 0.044710402942071015
      }
    },
    "precision_at_5": {
      "mean": 0.44,
      "std": 0.19595917942265426,
      "ci": {
        "point": 0.44,
        "lower": 0.3666666666666666,
        "upper": 0.5001666666666666,
        "std_err": 0.03472830177006532
      }
    },
    "recall_at_5": {
      "mean": 0.8322222222222222,
      "std": 0.18226625484252698,
      "ci": {
        "point": 0.8322222222222222,
        "lower": 0.7683333333333333,
        "upper": 0.8922222222222221,
        "std_err": 0.03260916880248182
      }
    },
    "ndcg_at_5": {
      "mean": 0.8054436486806222,
      "std": 0.17358986418368894,
      "ci": {
        "point": 0.8054436486806222,
        "lower": 0.7406923362518193,
        "upper": 0.8655513986586012,
        "std_err": 0.03207948586235793
      }
    },
    "hit_rate_at_5": {
      "mean": 1.0,
      "std": 0.0,
      "ci": {
        "point": 1.0,
        "lower": 1.0,
        "upper": 1.0,
        "std_err": 0.0
      }
    },
    "precision_at_10": {
      "mean": 0.22,
      "std": 0.09797958971132713,
      "ci": {
        "point": 0.22,
        "lower": 0.18666666666666662,
        "upper": 0.25666666666666665,
        "std_err": 0.017459959117781948
      }
    },
    "recall_at_10": {
      "mean": 0.8322222222222222,
      "std": 0.18226625484252698,
      "ci": {
        "point": 0.8322222222222222,
        "lower": 0.7610833333333334,
        "upper": 0.895,
        "std_err": 0.033686983018102086
      }
    },
    "ndcg_at_10": {
      "mean": 0.8054436486806222,
      "std": 0.17358986418368894,
      "ci": {
        "point": 0.8054436486806222,
        "lower": 0.7389825889045266,
        "upper": 0.8701746220761638,
        "std_err": 0.03244395573215265
      }
    },
    "hit_rate_at_10": {
      "mean": 1.0,
      "std": 0.0,
      "ci": {
        "point": 1.0,
        "lower": 1.0,
        "upper": 1.0,
        "std_err": 0.0
      }
    },
    "mrr": {
      "mean": 0.9277777777777778,
      "std": 0.21702249982916233,
      "ci": {
        "point": 0.9277777777777778,
        "lower": 0.85,
        "upper": 1.0,
        "std_err": 0.040136890156474696
      }
    },
    "context_relevance": {
      "mean": 0.625,
      "std": 0.3211308144666282,
      "ci": {
        "point": 0.625,
        "lower": 0.5166666666666667,
        "upper": 0.7335416666666664,
        "std_err": 0.058525734942326255
      }
    }
  },
  "latency_stats": {
    "mean_ms": 3245.356519999526,
    "median_ms": 3227.940349999699,
    "p95_ms": 3385.151424997457,
    "max_ms": 3427.939100001822
  },
  "generation_metrics": {},
  "comparison_vs_baseline": {
    "baseline": {
      "precision_at_1": {
        "point": 0.9,
        "lower": 0.7666666666666667,
        "upper": 1.0,
        "std_err": 0.05570067133355962
      },
      "recall_at_1": {
        "point": 0.3922222222222222,
        "lower": 0.3005555555555555,
        "upper": 0.5012083333333331,
        "std_err": 0.050425838878955694
      },
      "ndcg_at_1": {
        "point": 0.9,
        "lower": 0.8,
        "upper": 1.0,
        "std_err": 0.05352052567838915
      },
      "hit_rate_at_1": {
        "point": 0.9,
        "lower": 0.7666666666666667,
        "upper": 1.0,
        "std_err": 0.056687948662158545
      },
      "precision_at_3": {
        "point": 0.5888888888888889,
        "lower": 0.4888888888888889,
        "upper": 0.688888888888889,
        "std_err": 0.052142642351991945
      },
      "recall_at_3": {
        "point": 0.6661111111111111,
        "lower": 0.5700000000000001,
        "upper": 0.7605555555555554,
        "std_err": 0.05011219324834099
      },
      "ndcg_at_3": {
        "point": 0.7838261700429889,
        "lower": 0.6879543874803865,
        "upper": 0.8742586607816404,
        "std_err": 0.04832065079028077
      },
      "hit_rate_at_3": {
        "point": 0.9333333333333333,
        "lower": 0.8333333333333334,
        "upper": 1.0,
        "std_err": 0.044710402942071015
      },
      "precision_at_5": {
        "point": 0.5066666666666667,
        "lower": 0.41999999999999993,
        "upper": 0.5866666666666667,
        "std_err": 0.043123925631263445
      },
      "recall_at_5": {
        "point": 0.9272222222222222,
        "lower": 0.8794305555555557,
        "upper": 0.9700000000000001,
        "std_err": 0.02393266592161014
      },
      "ndcg_at_5": {
        "point": 0.8595472736544438,
        "lower": 0.7953582442455122,
        "upper": 0.9116388475659026,
        "std_err": 0.030255319985760212
      },
      "hit_rate_at_5": {
        "point": 1.0,
        "lower": 1.0,
        "upper": 1.0,
        "std_err": 0.0
      },
      "precision_at_10": {
        "point": 0.27999999999999997,
        "lower": 0.23333333333333336,
        "upper": 0.3266666666666667,
        "std_err": 0.024266380068854322
      },
      "recall_at_10": {
        "point": 1.0,
        "lower": 1.0,
        "upper": 1.0,
        "std_err": 0.0
      },
      "ndcg_at_10": {
        "point": 0.8983862849349495,
        "lower": 0.8376072855741147,
        "upper": 0.9483378873762605,
        "std_err": 0.028851852539465875
      },
      "hit_rate_at_10": {
        "point": 1.0,
        "lower": 1.0,
        "upper": 1.0,
        "std_err": 0.0
      },
      "mrr": {
        "point": 0.9277777777777778,
        "lower": 0.85,
        "upper": 1.0,
        "std_err": 0.040136890156474696
      },
      "context_relevance": {
        "point": 0.5222222222222223,
        "lower": 0.4222222222222223,
        "upper": 0.6277777777777778,
        "std_err": 0.052826853767265786
      }
    },