{
  "config_name": "ret_bm25_only",
  "config_params": {
    "name": "bm25_only",
    "method": "bm25",
    "top_k": 4,
    "chunking": "semantic_512"
  },
  "n_queries": 30,
  "timestamp": "2026-06-12T07:18:07.560168",
  "retrieval_metrics": {
    "precision_at_1": {
      "mean": 0.8666666666666667,
      "std": 0.33993463423951903,
      "ci": {
        "point": 0.8666666666666667,
        "lower": 0.7333333333333333,
        "upper": 0.9666666666666667,
        "std_err": 0.06318573321032027
      }
    },
    "recall_at_1": {
      "mean": 0.4005555555555555,
      "std": 0.3077542108907491,
      "ci": {
        "point": 0.4005555555555555,
        "lower": 0.2905416666666667,
        "upper": 0.5166666666666667,
        "std_err": 0.05685012907965913
      }
    },
    "ndcg_at_1": {
      "mean": 0.8666666666666667,
      "std": 0.33993463423951903,
      "ci": {
        "point": 0.8666666666666667,
        "lower": 0.7333333333333333,
        "upper": 0.9666666666666667,
        "std_err": 0.06122828878706506
      }
    },
    "hit_rate_at_1": {
      "mean": 0.8666666666666667,
      "std": 0.33993463423951903,
      "ci": {
        "point": 0.8666666666666667,
        "lower": 0.7333333333333333,
        "upper": 0.9666666666666667,
        "std_err": 0.06348553090946848
      }
    },
    "precision_at_3": {
      "mean": 0.5888888888888888,
      "std": 0.2224998266055643,
      "ci": {
        "point": 0.5888888888888888,
        "lower": 0.5111111111111112,
        "upper": 0.6666666666666667,
        "std_err": 0.04057474448640497
      }
    },
    "recall_at_3": {
      "mean": 0.7144444444444443,
      "std": 0.2295621167181091,
      "ci": {
        "point": 0.7144444444444443,
        "lower": 0.623875,
        "upper": 0.7928055555555554,
        "std_err": 0.042195235728279545
      }
    },
    "ndcg_at_3": {
      "mean": 0.8086036088451078,
      "std": 0.17898196568949157,
      "ci": {
        "point": 0.8086036088451078,
        "lower": 0.7447142959361981,
        "upper": 0.8744887503674228,
        "std_err": 0.032844236303525245
      }
    },
    "hit_rate_at_3": {
      "mean": 1.0,
      "std": 0.0,
      "ci": {
        "point": 1.0,
        "lower": 1.0,
        "upper": 1.0,
        "std_err": 0.0
      }
    },
    "precision_at_5": {
      "mean": 0.46,
      "std": 0.20099751242241784,
      "ci": {
        "point": 0.46,
        "lower": 0.38666666666666666,
        "upper": 0.5266666666666667,
        "std_err": 0.036329110210589224
      }
    },
    "recall_at_5": {
      "mean": 0.8733333333333333,
      "std": 0.17162620882474666,
      "ci": {
        "point": 0.8733333333333333,
        "lower": 0.8133333333333334,
        "upper": 0.9299999999999999,
        "std_err": 0.030414390035513512
      }
    },
    "ndcg_at_5": {
      "mean": 0.8381586774501787,
      "std": 0.1488223447792413,
      "ci": {
        "point": 0.8381586774501787,
        "lower": 0.7829379401597765,
        "upper": 0.8894246394259726,
        "std_err": 0.027853764337084492
      }
    },
    "hit_rate_at_5": {
      "mean": 1.0,
      "std": 0.0,
      "ci": {
        "point": 1.0,
        "lower": 1.0,
        "upper": 1.0,
        "std_err": 0.0
      }
    },
    "precision_at_10": {
      "mean": 0.23,
      "std": 0.10049875621120892,
      "ci": {
        "point": 0.23,
        "lower": 0.19333333333333333,
        "upper": 0.26333333333333336,
        "std_err": 0.017966527720752357
      }
    },
    "recall_at_10": {
      "mean": 0.8733333333333333,
      "std": 0.17162620882474666,
      "ci": {
        "point": 0.8733333333333333,
        "lower": 0.81,
        "upper": 0.9333333333333333,
        "std_err": 0.03182140057992737
      }
    },
    "ndcg_at_10": {
      "mean": 0.8381586774501787,
      "std": 0.1488223447792413,
      "ci": {
        "point": 0.8381586774501787,
        "lower": 0.7846135362649376,
        "upper": 0.8887779502420731,
        "std_err": 0.027202159620867052
      }
    },
    "hit_rate_at_10": {
      "mean": 1.0,
      "std": 0.0,
      "ci": {
        "point": 1.0,
        "lower": 1.0,
        "upper": 1.0,
        "std_err": 0.0
      }
    },
    "mrr": {
      "mean": 0.9277777777777778,
      "std": 0.1860074338087023,
      "ci": {
        "point": 0.9277777777777778,
        "lower": 0.85,
        "upper": 0.9833333333333333,
        "std_err": 0.034514621966637134
      }
    },
    "context_relevance": {
      "mean": 0.675,
      "std": 0.3300883720056393,
      "ci": {
        "point": 0.675,
        "lower": 0.5583333333333333,
        "upper": 0.7916666666666666,
        "std_err": 0.05973154768080181
      }
    }
  },
  "latency_stats": {
    "mean_ms": 0.16363666606290886,
    "median_ms": 0.14840000221738592,
    "p95_ms": 0.2769199971226043,
    "max_ms": 0.32469999860040843
  },
  "generation_metrics": {},
  "comparison_vs_baseline": {
    "baseline": {
      "precision_at_1": {
        "point": 0.9,
        "lower": 0.7666666666666667,
        "upper": 1.0,
        "std_err": 0.05570067133355962
      },
      "recall_at_1": {
        "point": 0.3922222222222222,
        "lower": 0.3005555555555555,
        "upper": 0.5012083333333331,
        "std_err": 0.050425838878955694
      },
      "ndcg_at_1": {
        "point": 0.9,
        "lower": 0.8,
        "upper": 1.0,
        "std_err": 0.05352052567838915
      },
      "hit_rate_at_1": {
        "point": 0.9,
        "lower": 0.7666666666666667,
        "upper": 1.0,
        "std_err": 0.056687948662158545
      },
      "precision_at_3": {
        "point": 0.5888888888888889,
        "lower": 0.4888888888888889,
        "upper": 0.688888888888889,
        "std_err": 0.052142642351991945
      },
      "recall_at_3": {
        "point": 0.6661111111111111,
        "lower": 0.5700000000000001,
        "upper": 0.7605555555555554,
        "std_err": 0.05011219324834099
      },
      "ndcg_at_3": {
        "point": 0.7838261700429889,
        "lower": 0.6879543874803865,
        "upper": 0.8742586607816404,
        "std_err": 0.04832065079028077
      },
      "hit_rate_at_3": {
        "point": 0.9333333333333333,
        "lower": 0.8333333333333334,
        "upper": 1.0,
        "std_err": 0.044710402942071015
      },
      "precision_at_5": {
        "point": 0.5066666666666667,
        "lower": 0.41999999999999993,
        "upper": 0.5866666666666667,
        "std_err": 0.043123925631263445
      },
      "recall_at_5": {
        "point": 0.9272222222222222,
        "lower": 0.8794305555555557,
        "upper": 0.9700000000000001,
        "std_err": 0.02393266592161014
      },
      "ndcg_at_5": {
        "point": 0.8595472736544438,
        "lower": 0.7953582442455122,
        "upper": 0.9116388475659026,
        "std_err": 0.030255319985760212
      },
      "hit_rate_at_5": {
        "point": 1.0,
        "lower": 1.0,
        "upper": 1.0,
        "std_err": 0.0
      },
      "precision_at_10": {
        "point": 0.27999999999999997,
        "lower": 0.23333333333333336,
        "upper": 0.3266666666666667,
        "std_err": 0.024266380068854322
      },
      "recall_at_10": {
        "point": 1.0,
        "lower": 1.0,
        "upper": 1.0,
        "std_err": 0.0
      },
      "ndcg_at_10": {
        "point": 0.8983862849349495,
        "lower": 0.8376072855741147,
        "upper": 0.9483378873762605,
        "std_err": 0.028851852539465875
      },
      "hit_rate_at_10": {
        "point": 1.0,
        "lower": 1.0,
        "upper": 1.0,
        "std_err": 0.0
      },
      "mrr": {
        "point": 0.9277777777777778,
        "lower": 0.85,
        "upper": 1.0,
        "std_err": 0.040136890156474696
      },
      "context_relevance": {
        "point": 0.5222222222222223,
        "lower": 0.4222222222222223,
        "upper": 0.6277777777777778,
        "std_err": 0.052826853767265786
      }
    },
    "challenger": {
      "precision_at_1": {
        "point": 0.8666666666666667,